answer,cpu,gpu,memory,time,model_name
"Iâ€™m not alive in the way people or animals are. Iâ€™m an AIâ€‘driven language model created by OpenAIâ€”essentially a very sophisticated piece of software that can understand and generate text. I donâ€™t have consciousness, feelings, or a physical body, but Iâ€™m here to chat, answer questions, and help you with whatever you need. How can I assist you today?",1.5,0,0,0.31807875633239746,gpt-oss-120b
"## Epic Roadâ€‘Trip: Oklahoma â†’ Northâ€¯Dakota  
**Distance:** ~â€¯1,150â€¯mi (1,850â€¯km)â€¯â€“â€¯â‰ˆâ€¯18â€‘20â€¯drivingâ€¯hrs total  
**Ideal length:** 7â€‘10â€¯days (allows for sightseeing, good food, and a relaxed pace)  

Below is a **core â€œclassicâ€ itinerary** that hits the most interesting towns, natural sights, and cultural gems along the way. Iâ€™ve also added **alternate routes & optional sideâ€‘trips** for you to swap in or out depending on how much time you have, what you love, and the season youâ€™re traveling.

---

## 1ï¸âƒ£ DAYâ€‘BYâ€‘DAY OVERVIEW  

| Day | Start | End | Approx. miles | Driving time* | Highlights |
|-----|-------|-----|---------------|---------------|------------|
| **Dayâ€¯1** | Oklahoma City, OK | Wichita, KS | 160 | 2â€¯hâ€¯30â€¯m | Bricktown, Old Cowtown Museum, Routeâ€¯66 BBQ |
| **Dayâ€¯2** | Wichita | Kansas City, MO | 200 | 3â€¯hâ€¯15â€¯m | Country Club Plaza, National WWI Museum, Barbecue |
| **Dayâ€¯3** | Kansas City | Des Moines, IA | 190 | 3â€¯h | Iowa State Capitol, Pappajohn Sculpture Park |
| **Dayâ€¯4** | Des Moines â†’ Sioux City â†’ Sioux Falls, SD | 260 | 4â€¯hâ€¯30â€¯m | Sioux Cityâ€™s Sgt.â€¯Hazen Memorial, Falls Park |
| **Dayâ€¯5** | Siouxâ€¯Falls â†’ Badlands National Park â†’ Rapid City, SD | 340 | 5â€¯hâ€¯30â€¯m | Badlands Loop, Mountâ€¯Rushmore (evening glow) |
| **Dayâ€¯6** | Rapid City â†’ Bismarck, ND | 370 | 5â€¯hâ€¯45â€¯m | Devilâ€™sâ€¯Lake, Fortâ€¯Riley State Park |
| **Dayâ€¯7** | Bismarck â†’ Theodore Roosevelt National Park (North) â†’ Medora | 130 | 2â€¯hâ€¯30â€¯m | Badlands of the North, â€œThe Badlandsâ€ film site |
| **Dayâ€¯8** | Medora â†’ Fargo, ND (optional) | 350 | 5â€¯h | Fargoâ€™s Plains Art Museum, historic downtown |
| **Dayâ€¯9** | Fargo â†’ Minneapolis, MN (optional bonus) | 235 | 3â€¯hâ€¯30â€¯m | Mall of America, Minnehaha Falls |
| **Dayâ€¯10** | Return home or continue north to Grand Forks, ND or Upstate Nâ€‘Dakota | â€” | â€” | Flexible end pointâ€”great for a loop back via Iâ€‘90 or Iâ€‘29 |

\*Driving times are **optimal** (no heavy traffic, 65â€‘75â€¯mph). Add 15â€‘30â€¯min per city for stops, meals, or photo breaks.

---

## 2ï¸âƒ£ CORE ROUTE (Iâ€‘35â€¯N â†’ Iâ€‘80â€¯W â†’ Iâ€‘90â€¯W)

1. **OKC â†’ Wichita** â€“ Iâ€‘35â€¯N. Straightâ€‘forward, about 2.5â€¯hrs.  
2. **Wichita â†’ Kansas City** â€“ stay on Iâ€‘35â€¯N, then Iâ€‘70â€¯W across the Kansasâ€“Missouri border.  
3. **Kansas City â†’ Des Moines** â€“ take Iâ€‘35â€¯N the whole way (the â€œGreat Plainsâ€ stretch).  
4. **Des Moines â†’ Sioux City** â€“ Iâ€‘35â€¯N continues; exit onto Iâ€‘29â€¯N at Council Bluffs for a short dip into Iowa.  
5. **Sioux City â†’ Sioux Falls** â€“ follow Iâ€‘29â€¯N across the NE corner of Nebraska into SD.  
6. **Siouxâ€¯Falls â†’ Badlands â†’ Rapid City** â€“ Iâ€‘90â€¯W to Iâ€‘90â€¯Wâ€¯â†’â€¯SDâ€‘44â€¯W (Badlands Loop) â†’ Iâ€‘90â€¯W again.  
7. **Rapid City â†’ Bismarck** â€“ Iâ€‘90â€¯W to Iâ€‘94â€¯W (across the western NDâ€‘SD border).  
8. **Bismarck â†’ Theodoreâ€¯Roosevelt N.P. (North Unit)** â€“ take USâ€‘85â€¯N, then NDâ€‘1â€¯N, then USâ€‘85â€¯N again into the park.  
9. **North Unit â†’ Medora** â€“ short drive on USâ€‘85â€¯N to Medora (the parkâ€™s â€œgatewayâ€ town).  

> **Why this route?**  
> - Keeps you mostly on interstates (fast, wellâ€‘served).  
> - Passes three iconic national parks/monuments (Badlands, Mountâ€¯Rushmore, Theodoreâ€¯Roosevelt).  
> - Gives a taste of three distinct Midwest cultures: **Ozark/Kansas City**, **Corn Belt**, **Great Plains/Black Hills**.

---

## 3ï¸âƒ£ DETAILED DAYâ€‘BYâ€‘DAY BREAKDOWN  

### DAYâ€¯1 â€“ OKC â†’ WICHITA (160â€¯mi)  

| Time | Activity |
|------|----------|
| 8â€¯am | Depart OKC (headâ€‘up coffee, fuel up). |
| 10â€¯am | Arrive in Wichita â€“ stroll the **Riverfront**; quick coffee at **CafÃ© 5**. |
| 12â€¯pm | **Old Cowtown Museum** (2â€¯hrs). |
| 2â€¯pm | Lunch at **Cattle & Oak** (Kansasâ€‘style BBQ). |
| 4â€¯pm | **Exploration Station** science museum (if traveling with kids). |
| 6â€¯pm | Checkâ€‘in at **Hotel at Old Town** or a budgetâ€‘friendly **Holiday Inn Express**. |
| 7â€¯pm | Dinner at **Joeâ€™s Diner** on the river. |
| 9â€¯pm | Sunset walk along the **Arkansas River Trail**; optional nightcap at **Mabelâ€™s BBQ**. |

**Travel tip:** Wichita is a major hub for **Iâ€‘35**; youâ€™ll find plentiful fuel, Wiâ€‘Fi, and a good selection of hotels.

---

### DAYâ€¯2 â€“ WICHITA â†’ KANSASâ€¯CITY (200â€¯mi)  

| Time | Activity |
|------|----------|
| 9â€¯am | Breakfast at **Sullivanâ€™s Steakhouse** (classic diner vibe). |
| 10â€¯am | Depart for Kansas City via Iâ€‘35â€¯N â†’ Iâ€‘70â€¯W. |
| 12â€¯pm | Arrive in **Kansas City**; park near **Country Club Plaza**. |
| 12:30â€¯pm | **Plaza brunch** at **The Classic CafÃ©** (famous cinnamon rolls). |
| 2â€¯pm | **Nelsonâ€‘Atkins Museum of Art** (free admission). |
| 4â€¯pm | **National WWI Museum & Memorial** â€“ 2â€¯hrs. |
| 6â€¯pm | Checkâ€‘in: **Hotel Kansas City** (downtown) or **MGM Springfield** for a nightâ€‘away feel. |
| 7â€¯pm | **Kansas City BBQ** â€“ **Joeâ€™s Kansas City Bar-B-Que** (mustâ€‘try). |
| 9â€¯pm | Night stroll along the **River Market**; optional live jazz at **Blue Room**. |

**Highlight:** KCâ€™s â€œBarbecue Capital of the Worldâ€ is a foodâ€‘loverâ€™s paradise.  

---

### DAYâ€¯3 â€“ KANSASâ€¯CITY â†’ DESâ€¯MOIENS (190â€¯mi)  

| Time | Activity |
|------|----------|
| 8â€¯am | Quick bagel & coffee at **Succotash CafÃ©**. |
| 9â€¯am | Depart Iâ€‘35â€¯N north; cross the **Kansasâ€“Iowa** border. |
| 11â€¯am | Arrive in **Des Moines**â€”park at **Grayâ€™s Lake**. |
| 11:30â€¯am | Walk the **Grayâ€™s Lake Trail** (2â€¯mi loop). |
| 12:30â€¯pm | Lunch at **Zombie Burger + Drink Lab** (creative burgers). |
| 2â€¯pm | **Iowa State Capitol** (guided tour, 45â€¯min). |
| 3:30â€¯pm | **Pappajohn Sculpture Park** â€“ outdoor art (great for photos). |
| 5â€¯pm | Checkâ€‘in: **The Des Moines Marriott** or **Hyatt Place**. |
| 6:30â€¯pm | Dinner at **801 Chophouse** (steak & local craft beer). |
| 8â€¯pm | Optional: **Des Moines Art Center** (late hours on Thursdays). |

**Why stop?** Iowaâ€™s capital gives a perfect midâ€‘point rest and a feel for the â€œCorn Beltâ€ region.

---

### DAYâ€¯4 â€“ DESâ€¯MOIENS â†’ SIUÂ XÂ FALLS (260â€¯mi)

| Time | Activity |
|------|----------|
| 8â€¯am | Grab a â€œbreakfast tacoâ€ at **La Molisana**. |
| 9â€¯am | Depart Iâ€‘35â€¯N â†’ Iâ€‘29â€¯N (via Iâ€‘80â€¯E to Council Bluffs, then north). |
| 11â€¯am | **Sgt.â€¯Hazen Memorial** in Sioux City (photo op). |
| 12â€¯pm | Quick lunch at **Mahlonâ€™s BBQ** (river view). |
| 1â€¯pm | Continue north on Iâ€‘29â€¯N into South Dakota. |
| 3â€¯pm | Arrive in **Sioux Falls**; walk **Falls Park** and view the waterfall. |
| 4:30â€¯pm | Checkâ€‘in: **The Hotel on Phillips** (downtown boutique). |
| 6â€¯pm | Dinner at **Jackyâ€™s** (modern American). |
| 8â€¯pm | Evening stroll along the **Riverfront Trail** â€“ nice sunset spot. |

**Tip:** Siouxâ€¯Falls has a decent airport if you need to break up a long drive or change plans.

---

### DAYâ€¯5 â€“ SIUÂ XÂ FALLS â†’ BADLANDS â†’ RAPID CITY (340â€¯mi)

| Time | Activity |
|------|----------|
| 7â€¯am | Early coffee at **The Bread Bar**. |
| 8â€¯am | Depart Iâ€‘90â€¯W east toward Badlands. |
| 10â€¯am | **Badlands National Park â€“ Scenic Loop (Highway 244)**. Stop at **Big Badlands Overlook**, **Fossil Exhibit Trail** (short), and **Doorâ€¯toâ€¯Hell**. |
| 12:30â€¯pm | Picnic lunch at **Ben Reifel Visitor Center** (bring sandwiches). |
| 2â€¯pm | Continue to **Wall Drug** (quirky photo op, gift shop). |
| 3â€¯pm | Arrive **Mountâ€¯Rushmore** for the lateâ€‘afternoon light. Spend ~2â€¯hrs (incl. photo walk). |
| 5:30â€¯pm | Head to **Rapid City** (Iâ€‘16â€¯W). |
| 7â€¯pm | Checkâ€‘in: **Hotel Alex** (central, stylish) or **Holiday Inn Rapid City**. |
| 8â€¯pm | Dinner at **Firehouse Brewing Company** (great local brews). |
| 9:30â€¯pm | Optional: **Starlite Driveâ€‘In** (classic movie under the stars). |

**Important:** Badlands sunrise is spectacular, but the highway can be busy in summer. If youâ€™re traveling in fall, the colors are gorgeous.  

---

### DAYâ€¯6 â€“ RAPID CITY â†’ BISMARK (370â€¯mi)

| Time | Activity |
|------|----------|
| 8â€¯am | Breakfast at **The Alpine CafÃ©** (Germanâ€‘style pastries). |
| 9â€¯am | Depart Iâ€‘90â€¯W â†’ Iâ€‘94â€¯W (cross into North Dakota). |
| 11:30â€¯am | Stop at **Devilsâ€¯Lake** (largest natural lake in ND) â€“ quick photo session. |
| 12:30â€¯pm | Lunch in **Aberdeen** (e.g., **The Blue Door Bistro**). |
| 2â€¯pm | Continue north on Iâ€‘94â€¯W â†’ Iâ€‘94â€¯N â†’ USâ€‘83â€¯N toward Bismarck. |
| 4â€¯pm | Reach **Bismarck** â€“ checkâ€‘in at **Radisson Hotel Bismarck** or an **Airbnb**. |
| 5:30â€¯pm | Explore **Fortâ€¯Riley State Park** (trails, river views). |
| 7â€¯pm | Dinner at **The Toasted Frog** (upscale Midâ€‘West fare). |
| 9â€¯pm | Nightcap at **Mickâ€™s Bar & Grill**â€”live music on weekends. |

**Side note:** Bismarck sits on the Missouri River; a short riverâ€‘boat cruise (if available) gives a nice perspective of the stateâ€™s history.

---

### DAYâ€¯7 â€“ BISMARK â†’ THEODOREâ€¯ROOSEVELT N.P. (NORTH) â†’ MEDORA (130â€¯mi)

| Time | Activity |
|------|----------|
| 7â€¯am | Early breakfast & fuel up. |
| 8â€¯am | Depart USâ€‘83â€¯N â†’ NDâ€‘1â€¯N â†’ USâ€‘85â€¯N (enter parkâ€™s North Unit). |
| 9:30â€¯am | **Theodoreâ€¯Roosevelt National Park â€“ North Unit** â€“ scenic drive (Pioneerâ€¯Basin Loop). Stop at **Sunsetâ€¯Butte**, **Mammothâ€¯Canyon** for a short hike. |
| 12â€¯pm | Picnic lunch at **Burtâ€™sâ€¯Campground** (picnic tables). |
| 1:30â€¯pm | Continue north; head into **Medora** (Historic Old West town). |
| 2â€¯pm | Checkâ€‘in: **The Rough Rider Lodge** or **Bullock Hotel** (historic). |
| 3â€¯pm | Explore **Main Street** â€“ shop for Nativeâ€‘American crafts, visit the **Medora Musical** (if in summer). |
| 5â€¯pm | **Little Missouri National Grassland** (short hike to **Painted Canyon**). |
| 7â€¯pm | Dinner at **Dunhause** (Germanâ€‘style fare) or **Tripleâ€¯Tâ€¯Chophouse**. |
| 9â€¯pm | Evening stroll along the **Mickey A. Rourke Riverwalk** (beautiful starlight). |

**Why Medora?** Itâ€™s the Gateway to the **North Unit** and offers a genuine â€œOld Westâ€ atmosphere, perfect for a nightâ€‘cap after a day of parkâ€‘exploring.

---

### DAYâ€¯8 â€“ OPTIONAL: MEDORA â†’ FARGO (350â€¯mi)  

If you still have time (or want a longer trip northward), continue to **Fargo**:

| Time | Activity |
|------|----------|
| 8â€¯am | Breakfast, depart Iâ€‘94â€¯W. |
| 10â€¯am | Quick stop at **Jamestown** â€“ **Worldâ€™s Largest Hay Bale** photo op. |
| 12â€¯pm | Lunch in **Bismarck** (if you missed anything earlier). |
| 2â€¯pm | Continue to **Fargo** (Iâ€‘94â€¯W). |
| 4â€¯pm | Checkâ€‘in: **Renaissance Fargo** or a downtown Airbnb. |
| 5â€¯pm | Walk **Downtown Riverfront** and **The Fargo Theatre** (historic artâ€‘deco). |
| 7â€¯pm | Dinner at **Mezzaluna** (farmâ€‘toâ€‘table). |
| 9â€¯pm | Nightcap at **Dakota** (craft cocktails). |

**Optional Extension:** From Fargo, pop over to **Grandâ€¯Forks** (100â€¯mi North) for **University of North Dakota** campus, **North Dakota Museum of Art**, then loop back south on Iâ€‘29 toward OKC (different states, new scenery).

---

### DAYâ€¯9â€“10 â€“ OPTIONAL: FARGO â†’ MINNEAPOLIS â†’ RETURN  

| Time | Activity |
|------|----------|
| 8â€¯am | Breakfast at **The Boiler Room**. |
| 9â€¯am | Depart Iâ€‘29â€¯N â†’ Iâ€‘35â€¯N â†’ Iâ€‘94â€¯W into Minnesota. |
| 11â€¯am | Quick stop at **Red River** viewpoint (state line photo). |
| 12â€¯pm | Arrive **Minneapolis** â€“ explore **Mall of America** (shopping) or **Minnehaha Falls** (nature). |
| 3â€¯pm | Lunch at **The Bachelor Farmer** (Nordic cuisine). |
| 5â€¯pm | Begin the long drive home via Iâ€‘35â€¯S (or cut across Iâ€‘90â€¯E â†’ Iâ€‘80â€¯W if you want a different route). |
| Overnight | Break at **Des Moines** again or **Kansas City** (choose based on time). |
| Final Day | Arrive back in OKC (or your preferred â€œhomeâ€ point). |

---

## 4ï¸âƒ£ ALTERNATE ROUTES & SIDEâ€‘TRIPS  

| Option | Route | Key Attractions | Approx. Extra Miles | Best Time of Year |
|--------|-------|----------------|--------------------|-------------------|
| **Southern Loop** | OKC â†’ Dallas â†’ Amarillo (Iâ€‘35â€¯S, Iâ€‘40â€¯W) â†’ Badlands | Dallas Arts District, **Cadillac Ranch**, **Paloâ€¯Duro Canyon** | +â€¯200â€‘250â€¯mi | Spring (pleasant temps) |
| **Northern Loop** | OKC â†’ Omaha â†’ Fargo â†’ Bismarck (Iâ€‘35â€¯N â†’ Iâ€‘29â€¯N) | **Henry Doorly Zoo** (Omaha), **Lauritzen Gardens**, **Pioneerâ€¯Museum** (Fargo) | +â€¯150â€‘200â€¯mi | Summer (long daylight) |
| **Coastâ€‘toâ€‘Coast** | OKC â†’ Denver â†’ Yellowstone â†’ Bismarck (via Iâ€‘70â€¯W) | **Rocky Mountains**, **Yellowstone**, **Cody, WY** | +â€¯400â€¯mi | Summer (open parks) |
| **River Adventure** | OKC â†’ St.â€¯Louis (Iâ€‘44â€¯E) â†’ St.â€¯Paul (Iâ€‘35â€¯N) â†’ Minot (Iâ€‘94â€¯W) | **Gateway Arch**, **Mississippi River**, **Saskatchewan River** (Minot) | +â€¯300â€¯mi | Fall (colorful river valleys) |

Choose an option if you have **extra days** or specific interests (e.g., wildlife, bigâ€‘city culture, or historic rail towns).

---

## 5ï¸âƒ£ PRACTICAL INFORMATION  

| Topic | Details |
|-------|---------|
| **Vehicle prep** | â€¢ Full service (oil, filters, brakes). <br>â€¢ Check tire pressure & spare. <br>â€¢ Pack an emergency kit (jumper cables, firstâ€‘aid, blankets). |
| **Navigation** | â€¢ Googleâ€¯Maps or Waze for realâ€‘time traffic. <br>â€¢ Download **MAPS.ME** offline maps for Badlands & remote ND sections (cell coverage thin). |
| **Timing** | â€¢ **Spring (Aprilâ€‘June)**: mild temps, wildflowers, fewer crowds. <br>â€¢ **Summer (Julyâ€‘August)**: long days, but Badlands can be >100Â°F; start early. <br>â€¢ **Fall (Septâ€‘Oct)**: gorgeous foliage, cooler temps, harvest festivals. <br>â€¢ **Winter**: possible snow in ND & SD; check road conditions (especially Iâ€‘90â€¯W). |
| **Accommodations** | â€¢ Book **at least 2â€‘3 months** in advance for Badlands & Medora (small towns fill fast). <br>â€¢ Consider **RV parks** or **campgrounds** (e.g., Badlands Loop Campground, Fortâ€¯Riley State Park). |
| **Food & Drink** | â€¢ Try **Kansas City BBQ** (BBQ sauce wars!). <br>â€¢ In South Dakota, **bison burgers** at **Black Hills** eateries. <br>â€¢ In North Dakota, **Lutefisk** and **spottedâ€¯rainbow trout** are local specialties. |
| **Petâ€‘friendly** | â€¢ Most motels/hotels accept pets (check fees). <br>â€¢ State parks have dogâ€‘friendly trails (keep leashed). |
| **Safety** | â€¢ Cell service drops in Badlands, Black Hills, and rural ND â€“ plan fuel stops. <br>â€¢ Keep a **paper map** of the Badlands & ND state highways as backup. |
| **Travel insurance** | â€¢ Optional but recommended for long road trips; covers car breakdowns and trip cancellations. |
| **Passports/Visas** | Not needed for US travel, but keep ID & proof of insurance handy. |

---

## 6ï¸âƒ£ QUICK â€œWHAT TO PACKâ€ LIST  

| Category | Essentials |
|----------|------------|
| **Clothing** | â€¢ Lightâ€‘weight layers (tâ€‘shirts, fleece). <br>â€¢ Waterproof jacket (spring showers). <br>â€¢ Comfortable walking shoes/hiking boots. <br>â€¢ Sun hat & sunglasses. |
| **Tech** | â€¢ Phone + charger (car mount). <br>â€¢ Portable power bank. <br>â€¢ Camera/GoPro + extra batteries. <br>â€¢ Kindle or audiobooks for long stretches. |
| **Food** | â€¢ Reusable water bottles (at least 2â€¯L each). <br>â€¢ Snacks (trail mix, granola bars). <br>â€¢ Cooler with drinks for hot days. |
| **Health** | â€¢ Sunscreen (SPFâ€¯30+). <br>â€¢ Insect repellent (mosquitoes near lakes). <br>â€¢ Personal meds. |
| **Camping (if desired)** | â€¢ Tent, sleeping bags, camp stove. <br>â€¢ Bearâ€‘proof food storage (mandatory in Badlands). |
| **Misc** | â€¢ Road trip playlist (mix of classic road songs). <br>â€¢ Travel journal or sketchbook. <br>â€¢ Binoculars for wildlife spotting. |

---

## 7ï¸âƒ£ SAMPLE 7â€‘DAY ITINERARY (condensed for quick glance)

| Day | Route | Sleep | Mustâ€‘See |
|-----|-------|-------|----------|
| **1** | OKC â†’ Wichita | Wichita | Bricktown, Old Cowtown |
| **2** | Wichita â†’ KC | Kansas City | BBQ, Nelsonâ€‘Atkins |
| **3** | KC â†’ Des Moines | Des Moines | Capitol, Sculpture Park |
| **4** | Des Moines â†’ Sioux Falls | Sioux Falls | Falls Park |
| **5** | Sioux Falls â†’ Badlands â†’ Rapid City | Rapid City | Badlands Loop, Mountâ€¯Rushmore |
| **6** | Rapid City â†’ Bismarck | Bismarck | Devilsâ€¯Lake, Missouri River |
| **7** | Bismarck â†’ Theodoreâ€¯Roosevelt N.P. â†’ Medora | Medora | Park drives, historic Main St. |

Add extra days for **Fargo**, **Minneapolis**, or **return loop** as you wish.

---

### ğŸ‰ Ready, Set, Go!  

Grab a map, fuel up, and hit the open road. The Midwest is a tapestry of wideâ€‘open skies, quirky small towns, and worldâ€‘class natural wondersâ€”all waiting just a few hours from Oklahoma. Feel free to tweak the schedule to match your pace, interests, or the weather, and youâ€™ll come back with a notebook full of sunsets, selfies, and stories worth retelling for years.

**Safe travels!** ğŸš—ğŸ’¨ğŸ—ºï¸",1.4,0,0,3.309905529022217,gpt-oss-120b
I like playing the guitar.,2.4,0,0,0.2268538475036621,gpt-oss-120b
æˆ‘å–œæ¬¢å¼¹å‰ä»–ã€‚,1.4,0,0,0.2265605926513672,gpt-oss-120b
Paris.,1.9,0,0,0.26399898529052734,gpt-oss-120b
"**Photosynthesis** is the process by which green plants, algae, and many bacteria convert light energy into chemical energy stored in sugars. It occurs in the chloroplasts of plant cells and can be divided into two main stages: the **lightâ€‘dependent reactions** and the **lightâ€‘independent reactions (Calvin cycle)**. Below is a stepâ€‘byâ€‘step overview of how it works.

---

## 1. Where it happens
| Structure | Role |
|-----------|------|
| **Chloroplast** (organelle) | Contains all the machinery for photosynthesis. |
| **Thylakoid membranes** (stacked into grana) | Site of the lightâ€‘dependent reactions; hold chlorophyll and other pigments. |
| **Stroma** (fluid surrounding thylakoids) | Site of the Calvin cycle (lightâ€‘independent reactions). |

---

## 2. Overall chemical equation  

\[
\boxed{6 \, \text{CO}_2 \;+\; 6 \, \text{H}_2\text{O} \;+\; \text{light energy}
\;\longrightarrow\; \text{C}_6\text{H}_{12}\text{O}_6 \;+\; 6 \, \text{O}_2}
\]

- **Inputs:** carbon dioxide (COâ‚‚) from the air, water (Hâ‚‚O) from the roots, and photons of visible light.
- **Outputs:** glucose (Câ‚†Hâ‚â‚‚Oâ‚†) for the plantâ€™s metabolism, and molecular oxygen (Oâ‚‚) released to the atmosphere.

---

## 3. Lightâ€‘dependent reactions (the â€œphotoâ€ part)

### 3.1. Photon capture
1. **Chlorophyll** and accessory pigments (carotenoids, phycobilins) in the **photosystems** absorb photons, raising electrons to a higher energy level.

### 3.2. Two photosystems work in series
| Photosystem | Main pigment | Primary function |
|------------|-------------|------------------|
| **Photosystemâ€¯II (PSII)** | P680 (chlorophyll a) | Uses light to split water (photolysis) â†’ Oâ‚‚ + Hâº + eâ» |
| **Photosystemâ€¯I (PSI)** | P700 (chlorophyll a) | Reâ€‘excites electrons from PSII using a second photon â†’ reduces NADPâº to NADPH |

### 3.3. Electron transport chain (ETC)
- Excited electrons flow from PSII â†’ plastoquinone â†’ cytochrome bâ‚†f complex â†’ plastocyanin â†’ PSI.
- As electrons move, **proton pumps** (mainly at the cytochrome bâ‚†f complex) push Hâº from the stroma into the thylakoid lumen, creating a **proton gradient**.

### 3.4. ATP synthesis
- The Hâº gradient drives **ATP synthase** (a rotary enzyme) to convert ADP + Pi â†’ **ATP** (chemiosmotic coupling, similar to mitochondria).

### 3.5. End products of the light reactions
- **ATP** (energy carrier)  
- **NADPH** (reducing power)  
- **Oâ‚‚** released as a byâ€‘product of water splitting.

---

## 4. Lightâ€‘independent reactions â€“ the Calvin Cycle (the â€œsyntheticâ€ part)

The Calvin cycle uses the ATP and NADPH generated above to fix COâ‚‚ into carbohydrate molecules. It takes place in the **stroma** and proceeds in three major phases, repeated six times to make one glucose molecule.

| Phase | Key steps & enzymes | Products / role |
|-------|--------------------|-----------------|
| **Carbon fixation** | COâ‚‚ + ribuloseâ€‘1,5â€‘bisphosphate (RuBP) â†’ 2 Ã— 3â€‘phosphoglycerate (3â€‘PGA) (enzyme: **Rubisco**) | Incorporates inorganic carbon into an organic molecule. |
| **Reduction** | 3â€‘PGA + ATP + NADPH â†’ glyceraldehydeâ€‘3â€‘phosphate (G3P) (enzymes: phosphoglycerate kinase, glyceraldehydeâ€‘3â€‘phosphate dehydrogenase) | G3P is a threeâ€‘carbon sugar; each turn produces 2 G3P, but only 1 leaves the cycle for biosynthesis. |
| **Regeneration of RuBP** | Series of reactions using ATP to convert G3P back to RuBP (enzyme: **RuBPâ€‘carboxylase/oxygenase**, plus several aldolase, isomerase steps) | Allows the cycle to continue. |

- **Net result per 3 COâ‚‚ fixed:** 1 G3P (which can be turned into glucose, starch, cellulose, etc.).
- **Overall for glucose:** 6 COâ‚‚ â†’ 1 Câ‚†Hâ‚â‚‚Oâ‚†, consuming 18 ATP and 12 NADPH (produced by the light reactions).

---

## 5. Why photosynthesis matters

| Aspect | Importance |
|--------|------------|
| **Energy capture** | First step in the flow of solar energy through ecosystems; all higher organisms depend (directly or indirectly) on it. |
| **Oâ‚‚ production** | Supplies the atmospheric oxygen required for aerobic respiration. |
| **Carbon cycling** | Removes COâ‚‚ from the atmosphere, mitigating greenhouseâ€‘gas buildup. |
| **Biomass** | Provides the organic material (food, wood, fibers) that humans harvest. |

---

## 6. Quick summary (in plain language)

1. **Light hits chlorophyll** in the leafâ€™s chloroplasts.  
2. The light energy **splits water** into oxygen (exhaled) and hydrogenâ€‘carrying electrons.  
3. The electrons travel through a miniâ€‘electric chain, **pumping protons** and creating a gradient that powers the synthesis of **ATP**.  
4. At the end of the chain, the electrons and hydrogen ions reduce NADPâº to **NADPH**.  
5. Using the ATP and NADPH, the plant **fixes COâ‚‚** in the Calvin cycle, stitching carbon atoms together to make glucose, a usable sugar.  

That glucose fuels growth, reproduction, and maintenance of the plant, while the released oxygen sustains most life on Earth. 

---

**Key takeâ€‘away:** Photosynthesis converts light energy into chemical energy by first harvesting photons to make ATP and NADPH (lightâ€‘dependent reactions) and then using those energy carriers to turn carbon dioxide into sugar (Calvin cycle). The whole process is the cornerstone of lifeâ€™s energy economy on our planet.",1.6,0,0,1.2061121463775635,gpt-oss-120b
"No. I'm a type of software designed to understand and generate human-like text. My responses are based on complex algorithms and large datasets. I don't have consciousness, emotions, or experiences like humans do.",1.1,0,0,0.22555303573608398,llama-4-maverick-17b-128e-instruct
"A roadtrip from Oklahoma to North Dakota! To plan a memorable trip, I'll take into account your specific needs and preferences. Since I don't have any prior information about your preferences, I'll provide a general plan and some suggested routes for you to customize.

**Assumptions:**
For the purpose of this plan, I'll assume you're starting from Oklahoma City, OK, and driving to Fargo, ND. I'll also assume you're looking for a mix of popular attractions, scenic routes, and flexibility to adjust the itinerary according to your interests.

**Route Options:**

1. **Northern Route:** OKC, OK to Fargo, ND via I-35 N and I-29 N (approx. 1,240 miles, 19 hours)
2. **Scenic Route:** OKC, OK to Fargo, ND via US-81 N and US-52 N (approx. 1,300 miles, 20 hours)

**Suggested Itinerary (Northern Route):**

Day 1: Oklahoma City, OK to Kansas City, MO (approx. 340 miles, 5 hours)

* Visit the National World War I Museum and Memorial in Kansas City
* Explore the Country Club Plaza, a outdoor shopping and dining district

Day 2: Kansas City, MO to Sioux Falls, SD (approx. 470 miles, 7 hours)

* Stop at the Henry Doorly Zoo and Aquarium in Omaha, NE (detour from I-29)
* Visit the Falls Park in Sioux Falls, SD
* Explore the city's downtown area and shops

Day 3: Sioux Falls, SD to Fargo, ND (approx. 240 miles, 4 hours)

* Visit the Plains Art Museum in Fargo
* Explore the Fargo Theatre, a historic art deco cinema
* Take a stroll along the Red River

**Alternative Scenic Route Itinerary:**

Day 1: Oklahoma City, OK to Salina, KS (approx. 220 miles, 3.5 hours)

* Visit the Smoky Hill Museum in Salina
* Explore the downtown area and shops

Day 2: Salina, KS to Yankton, SD (approx. 430 miles, 6.5 hours)

* Stop at the Lewis and Clark Lake in Yankton, SD
* Visit the Historic Downtown Yankton

Day 3: Yankton, SD to Fargo, ND (approx. 430 miles, 6.5 hours)

* Visit the Bonanzaville USA Museum and Historic Village in Fargo
* Explore the Fargo-Moorhead Convention and Visitors Bureau's suggested self-guided tour

**Customizing Your Trip:**
To make this trip more tailored to your needs, consider the following:

* Are you interested in visiting any specific attractions or landmarks along the way? (e.g., national parks, museums, or historical sites)
* Do you have a preferred accommodation type (e.g., hotels, motels, or camping)?
* Are there any specific activities or experiences you'd like to have during the trip (e.g., hiking, fishing, or local cuisine)?

Please feel free to provide more information about your preferences, and I'll be happy to adjust the itinerary accordingly.",1.4,0,0,0.6903202533721924,llama-4-maverick-17b-128e-instruct
I like to play the guitar.,1.8,0,0,0.22909188270568848,llama-4-maverick-17b-128e-instruct
"I like to play the guitar. -> æˆ‘å–œæ¬¢å¼¹å‰ä»–ã€‚ 

Here's a breakdown of the translation:

* ""I like"" is translated to ""æˆ‘å–œæ¬¢"" (wÇ’ xÇ huÄn), which means ""I enjoy"" or ""I like"".
* ""to play"" is translated to ""å¼¹"" (tÃ¡n), which is a verb that means ""to play"" (a musical instrument).
* ""the guitar"" is translated to ""å‰ä»–"" (jÃ­ tÄ), which is the Chinese term for the musical instrument ""guitar"".

So, the entire sentence ""I like to play the guitar"" is translated to ""æˆ‘å–œæ¬¢å¼¹å‰ä»–"" (wÇ’ xÇ huÄn tÃ¡n jÃ­ tÄ).",1.6,0,0,0.2800173759460449,llama-4-maverick-17b-128e-instruct
The capital of France is Paris.,1.8,0,0,0.18326497077941895,llama-4-maverick-17b-128e-instruct
"## Step 1: Overview of Photosynthesis
Photosynthesis is the process by which green plants, algae, and some bacteria convert light energy, usually from the sun, into chemical energy stored in glucose, a type of sugar. This process is fundamental for life on Earth as it provides the primary source of energy for nearly all organisms either directly (for autotrophs) or indirectly (for heterotrophs).

## Step 2: Components Required for Photosynthesis
The key components required for photosynthesis include light (usually sunlight), carbon dioxide (CO2) from the atmosphere, water (H2O) absorbed from the soil, and chlorophyll, a green pigment found in the chloroplasts of plant cells. Chlorophyll is crucial as it absorbs light energy.

## Step 3: The Process of Photosynthesis
Photosynthesis occurs in specialized organelles called chloroplasts, which are present in plant cells. The overall equation for photosynthesis can be simplified as:
6CO2 + 6H2O + light energy â†’ C6H12O6 (glucose) + 6O2

## Step 4: Light-Dependent Reactions
The process of photosynthesis is divided into two main stages: the light-dependent reactions and the light-independent reactions (Calvin cycle). The light-dependent reactions occur in the thylakoid membranes of the chloroplasts and involve the absorption of light by chlorophyll and other pigments. This absorption of light energy leads to the formation of ATP and NADPH.

## Step 5: Light-Independent Reactions (Calvin Cycle)
The light-independent reactions, or the Calvin cycle, take place in the stroma of the chloroplasts. Here, CO2 is fixed into organic molecules using the ATP and NADPH produced in the light-dependent reactions. The Calvin cycle involves the fixation of CO2 into a 3-carbon molecule (3-phosphoglycerate) via the enzyme RuBisCO, followed by reduction and regeneration phases to produce glucose.

## Step 6: Outcome of Photosynthesis
The outcome of photosynthesis is the production of glucose, which serves as a source of energy and building block for the plant's growth, and oxygen, which is released into the atmosphere as a byproduct. This oxygen is crucial for the survival of most living organisms, including humans, as it is used in cellular respiration to produce energy.

## Conclusion
Photosynthesis is a vital biological process that converts light energy into chemical energy, supporting life on Earth by providing energy and organic compounds for plants and, indirectly, for animals. It involves the conversion of CO2 and H2O into glucose and O2 using light energy, facilitated by chlorophyll and other pigments in chloroplasts.",2.4,0,0,0.5967459678649902,llama-4-maverick-17b-128e-instruct
"I'm not alive in the biological senseâ€”I don't have a physical body or consciousness like humans do. I'm an AI assistant, which means I'm a program designed to process information and communicate with you in a helpful and conversational way. But I'm here and ready to assist you! How can I help today? ğŸ˜Š",1.4,0,0,0.321730375289917,qwen-3-235b-a22b-instruct-2507
"Absolutely! Here's a fun and scenic road trip itinerary from **Oklahoma (OK) to North Dakota (ND)**, designed to take 5â€“7 days with interesting stops, diverse landscapes, and cultural highlights along the way. This plan starts in **Oklahoma City, OK** and ends in **Fargo, ND**, though adjustments can be made depending on your exact starting and ending points.

---

### ğŸš— **Overview: OK to ND Road Trip**
- **Distance:** ~1,000 miles (depending on route and detours)
- **Driving Time:** ~16â€“18 hours total
- **Recommended Duration:** 5â€“7 days (to enjoy stops)
- **Best Time to Go:** Late spring, summer, or early fall (Mayâ€“September)

---

### ğŸ—ºï¸ **Route: Oklahoma City, OK â†’ Fargo, ND (via I-35 and I-94)**
Weâ€™ll take a central route through the Great Plains, combining highways with scenic detours.

---

### ğŸ“ **Day 1: Oklahoma City, OK â†’ Wichita, KS (~200 miles / 3.5 hrs)**
**Highlights:**
- Start in **Oklahoma City**: Visit the National Cowboy & Western Heritage Museum or the Oklahoma River.
- Drive north on I-35 to **Wichita, KS**.
- Stop in **El Dorado, KS** for quirky roadside attractions (like the Oil Well Monument).
- In Wichita, check out:
  - **Keeper of the Plains** sculpture at sunset
  - **Old Cowtown Museum**
  - Dinner in Old Town Wichita (great food and nightlife)

---

### ğŸ“ **Day 2: Wichita, KS â†’ Amarillo, TX (Detour West) OR â†’ Topeka, KS & Sioux Falls, SD (Direct North)**
*Option 1 (Scenic & Cultural Detour):*
**Wichita, KS â†’ Amarillo, TX â†’ Oklahoma Panhandle â†’ Spearman, TX â†’ Liberal, KS (~450 miles total, 7â€“8 hrs)**
- Why go west? To see the **Texas Panhandle** and iconic Route 66 sites.
- Highlights:
  - **Cadillac Ranch** near Amarillo
  - **Palo Duro Canyon State Park** (second largest canyon in U.S.)
  - Grab a famous **Big Texan Steak Challenge** (if you're up for it!)
  - Overnight in **Spearman, TX** or **Dumas, TX**

*Option 2 (More Direct):*
**Wichita, KS â†’ Topeka, KS â†’ Sioux Falls, SD (~600 miles, 9 hrs)**
- Stop in **Topeka**: Kansas State Capitol (cool murals and panoramic views)
- Continue north to **Sioux Falls, SD**
  - See **Falls Park** and the cascading Big Sioux River
  - Explore the historic downtown
  - Stay overnight in downtown Sioux Falls

---

### ğŸ“ **Day 3: Sioux Falls, SD â†’ Fargo, ND (~400 miles / 6 hrs)**
**Drive north on I-29 â†’ US-81 â†’ I-94**
- Make a stop in **Sioux City, IA** (optionalâ€”visit Sergeant Floyd Monument or Lewis & Clark Visitor Center).
- Merge onto I-29 North into **South Dakota**, passing through Fargo's southern gateway.
- Stop in **Sioux Falls** if not done already.
- Continue into **Brookings, SD** (home of South Dakota State University).
- Cross into **North Dakota near Fargo**.
  
**Arrive in Fargo, ND:**
- Explore downtown **Fargo**:
  - **Fargo-Moorhead** cultural scene
  - **Rourke Art Museum** (if you like folk art)
  - Dinner at **Mezzaluna** or **Mezzrow**
- Optional: Visit **The Farm** (famous movie filming location)

---

### ğŸ“ **Day 4â€“5: Fargo, ND & Explore North Dakota**
Now you're in North Dakotaâ€”time to experience the Peace Garden State!

**Day 4: Fargo & West Fargo**
- Rent bikes and ride the **Plains Art Museumâ€™s Sculpture Garden**
- Visit **Bonanzaville USA** (pioneer village museum)
- Take a day trip east to **Lake Traverse**/ **Wahpeton, ND** (scenic Red River Valley)

**Day 5: Drive to Theodore Roosevelt National Park (~320 miles / 5 hrs west)**
- Route: I-94 West â†’ Exit at **Medora, ND**
- En route, enjoy epic Great Plains scenery and wide-open skies.
- **Theodore Roosevelt National Park (South Unit)**:
  - Hike the **Wind Canyon Trail** or **Caprock Coulee**
  - Scenic Loop Drive (wild horses often spotted!)
  - Visit the **T.R. Cabin** and enjoy sunset at **Painted Canyon**
- Stay overnight in **Medora** (cozy lodges, historic charm, cowboy music at night)

---

### ğŸ“ **Day 6â€“7: More ND Explorations or Return Drive**
- **Option 1:** Extend and head north to **Lake Sakakawea** or **Fort Union Trading Post**
- **Option 2:** Visit **Knife River Indian Villages** near Stanton, ND (a Native American historic site)
- **Option 3:** Return journey with a more relaxed pace or head home with new memories!

---

### ğŸŒŸ **Tips for the Trip**
- **Weather:** The Plains can be extremeâ€”pack layers.
- **Fuel & Food:** Gas stations and towns can be far apart in western ND and TX Panhandle.
- **Wildlife:** Watch for deer, bison, and prairie dogs in national parks.
- **Route 66:** The detour through Amarillo hits classic Americanaâ€”worth it if you love nostalgia!
- **Odometer Fun Fact:** The trip crosses 4 states: OK, KS (or TX), SD, ND.

---

### ğŸœï¸ **Must-Pack List**
- Cooler with water/snacks
- Camera (sunsets and wide skies!)
- National Parks Pass (if visiting TR NP)
- Road atlas or offline maps (cell service gets spotty)
- Cowboy boots (for ambiance)

---

Let me know if you'd prefer a shorter version (e.g., 3â€“4 days), want family-friendly stops, or plan to bring a pet or camper! Safe travels! ğŸš˜ğŸŒ»",1.6,0,0,2.302781820297241,qwen-3-235b-a22b-instruct-2507
I like to play the guitar,1.5,0,0,0.2273099422454834,qwen-3-235b-a22b-instruct-2507
æˆ‘å–œæ¬¢å¼¹å‰ä»–ã€‚,1.1,0,0,0.1810135841369629,qwen-3-235b-a22b-instruct-2507
The capital of France is Paris.,7.1,0,0,0.17918086051940918,qwen-3-235b-a22b-instruct-2507
"Photosynthesis is the process by which green plants, algae, and some bacteria convert light energyâ€”usually from the sunâ€”into chemical energy stored in glucose, a type of sugar. This process takes place primarily in the chloroplasts of plant cells, which contain a green pigment called chlorophyll.

Hereâ€™s how photosynthesis works in simple terms:

1. **Light Absorption**: Chlorophyll absorbs sunlight, primarily in the blue and red wavelengths, and uses this energy to power the process.

2. **Water Splitting**: In the light-dependent reactions (which occur in the thylakoid membranes of the chloroplast), light energy is used to split water molecules (Hâ‚‚O) into oxygen (Oâ‚‚), protons (Hâº), and electrons. The oxygen is released as a byproduct into the atmosphere.

3. **Energy Conversion**: The energy from sunlight is converted into chemical energy in the form of ATP (adenosine triphosphate) and NADPH (a carrier molecule), which are used in the next stage.

4. **Carbon Fixation**: In the light-independent reactions (also called the Calvin Cycle, which occurs in the stroma of the chloroplast), carbon dioxide (COâ‚‚) from the air is combined with the ATP and NADPH to produce glucose (Câ‚†Hâ‚â‚‚Oâ‚†). This process doesnâ€™t require light directly but relies on the products of the light-dependent reactions.

The overall chemical equation for photosynthesis is:

**6 COâ‚‚ + 6 Hâ‚‚O + light energy â†’ Câ‚†Hâ‚â‚‚Oâ‚† + 6 Oâ‚‚**

In summary, photosynthesis transforms light energy into chemical energy, producing glucose that the plant uses for growth and energy, while releasing oxygen as a vital byproduct for most life on Earth.",2.5,0,0,0.5555744171142578,qwen-3-235b-a22b-instruct-2507
"I am a large language model, trained by Google. I don't have the ability to ""think"" or ""feel"" in the same way a human does. I am a tool that can process and generate text.
",1.4,0,0,1.693354606628418,google/gemma-3-270m-it
"Okay, let's plan a road trip from Oklahoma to North Dakota! To give you the best recommendations, I need a little more information. Tell me:

*   **What's your budget?** (e.g., budget-friendly, mid-range, luxury)
*   **What kind of activities do you enjoy?** (e.g., hiking, camping, sightseeing, music, food, nightlife)
*   **How long will you be traveling?** (e.g., a weekend, a week, a month)
*   **Are you traveling solo, with a partner, or with family?**
*   **What kind of vehicle do you have?** (e.g., car, SUV, truck, RV)
*   **Are you interested in any specific attractions or activities?** (e.g., museums, historical sites, natural wonders, breweries, wineries)

Once I have a better idea of your preferences, I can create a more personalized and detailed itinerary.

In the meantime, here are a few general ideas to get you started:

**Possible Route:**

*   **Option 1: The Classic Route (Comfortable and Scenic)**
    *   Oklahoma to Oklahoma",2.0,7,1,7.114639043807983,google/gemma-3-270m-it
"The most common and natural translation of ""Me gusta tocar la guitarra"" is:

**I like to play the guitar.**
",1.5,13,2,0.7540504932403564,google/gemma-3-270m-it
"The most common and natural translation of ""I like to play the guitar"" is:

**æˆ‘å–œæ¬¢ç”¨å‰ä»–ç©ä¹**
",2.3,6,1,0.7891321182250977,google/gemma-3-270m-it
"The capital of France is Paris.
",1.6,6,1,0.26546621322631836,google/gemma-3-270m-it
"Photosynthesis is the process by which plants, algae, and some bacteria convert light energy into chemical energy in the form of glucose (sugar). This process is essential for life on Earth.
",1.3,6,1,1.0947556495666504,google/gemma-3-270m-it
"As an artificial intelligence language model, I do not have the ability to be alive in the traditional sense. However, I exist solely as a program designed and developed by Alibaba Cloud. My purpose is to assist users with their queries and provide information on various topics. If you have any questions or need help with anything else, feel free to ask!",1.4,1,0,1.6069810390472412,Qwen/Qwen2.5-0.5B-Instruct
"Sure! Here's a suggested route for your road trip from Ok to ND:

1. **Day 1: Ok**
   - Start your journey in the bustling city of Ok.
   - Visit the iconic Ok Tower and explore the historic district.

2. **Day 2: Ok to ND**
   - Continue straight into ND.
   - Head towards the northernmost part of ND, where you'll find some of the most beautiful landscapes.

3. **Day 3: ND**
   - Drive through ND, passing through the picturesque town of Tungurahua.
   - Take a break at the Tungurahua National Park to admire its stunning scenery.

4. **Day 4: ND to ND**
   - Continue driving northwards.
   - Stop at the ND border crossing to cross over to ND.

5. **Day 5: ND to ND**
   - Drive straight into ND again.
   - Enjoy the vast expanse of ND, with its rolling hills, forests, and lakes.

6. **Day 6: ND to ND**
   - Continue driving southwards.
   - Pass through the ND border crossing once more.

7. **Day 7: ND to ND**
   - Drive straight into ND again.
",1.3,11,3,5.705366611480713,Qwen/Qwen2.5-0.5B-Instruct
I like to play the guitar.,15.3,15,5,0.197556734085083,Qwen/Qwen2.5-0.5B-Instruct
æˆ‘å–œæ¬¢å¼¹å‰ä»–ã€‚,15.3,7,2,0.12689542770385742,Qwen/Qwen2.5-0.5B-Instruct
The capital of France is Paris.,15.8,2,0,0.21129918098449707,Qwen/Qwen2.5-0.5B-Instruct
"Photosynthesis is the process by which plants and some other organisms convert light energy from the sun into chemical energy stored in glucose molecules. Here's an overview of how it works:

1. Light Absorption:
   - Plants absorb sunlight through their leaves using chlorophyll, a green pigment found in plant cells.
   - Chlorophyll absorbs light at specific wavelengths (around 400-700 nanometers) that are absorbed by pigments called chlorophyll b.

2. Light Energy Conversion:
   - The absorbed light energy is used to split water molecules (Hâ‚‚O) into oxygen gas (Oâ‚‚) and hydrogen ions (Hâº).
   - This splitting occurs through a process called photolysis, where electrons are transferred from chlorophyll to water molecules.

3. Carbon Dioxide Fixation:
   - Water molecules combine with carbon dioxide (COâ‚‚) from the air to form glucose (Câ‚†Hâ‚â‚‚Oâ‚†), a sugar molecule.
   - This reaction releases oxygen as a byproduct.

4. Glucose Production:
   - The glucose produced during photosynthesis can be used for various purposes, including:
     - Energy storage in the form of ATP (adenosine triphosphate)
     - Building of organic",13.5,2,0,6.1122355461120605,Qwen/Qwen2.5-0.5B-Instruct
I am a large language model. I am not alive in the way a human is.,1.3,3,0,0.3380272388458252,meta-llama/Llama-3.2-1B-Instruct
"A road trip from Oklahoma to North Dakota sounds like a great adventure. Here's a suggested itinerary for you:

**Day 1: Oklahoma to Kansas City, MO (approx. 560 miles, 8 hours 30 minutes)**

* Start your journey from Oklahoma City and head west on I-35.
* Stop for lunch and sightseeing in Kansas City, MO, known for its BBQ, jazz music, and iconic landmarks like the National World War I Museum and Memorial.
* Overnight in Kansas City.

**Day 2: Kansas City, MO to Omaha, NE (approx. 210 miles, 3 hours 30 minutes)**

* Continue west on I-35 and then take I-80 west to Omaha, NE.
* Explore Omaha's historic Old Market district, visit the Joslyn Art Museum, and enjoy the city's vibrant atmosphere.
* Overnight in Omaha.

**Day 3: Omaha, NE to Sioux Falls, SD (approx. 340 miles, 5 hours)**

* Head west on I-80 and then take I-29 west to Sioux Falls, SD.
* Visit the Falls Park, a beautiful waterfall along the Big Sioux River, and explore the city's downtown area.
* Overnight in Sioux Falls.

**Day ",3.1,3,2,4.162545919418335,meta-llama/Llama-3.2-1B-Instruct
"I'd be happy to help you with that. Here's the translation:

""I like to play the guitar.""

Or, in a more casual tone:

""I enjoy playing the guitar.""

Let me know if you'd like me to make any adjustments!",2.6,25,19,0.8042044639587402,meta-llama/Llama-3.2-1B-Instruct
å—¨ï¼æˆ‘å–œæ¬¢å¼¹å‰ä»–ã€‚,2.6,12,9,0.16477370262145996,meta-llama/Llama-3.2-1B-Instruct
The capital of France is Paris.,3.5,11,8,0.13759803771972656,meta-llama/Llama-3.2-1B-Instruct
"Photosynthesis is a fascinating process that occurs in plants, algae, and some bacteria. It's the primary way these organisms produce energy from sunlight, water, and carbon dioxide. Here's a simplified explanation of how photosynthesis works:

**The Process:**

1. **Light Absorption**: Plants have specialized organelles called chloroplasts, which contain pigments such as chlorophyll. Chlorophyll absorbs light energy from the sun, specifically in the blue and red parts of the visible spectrum.
2. **Water Absorption**: Plants absorb water from the soil through their roots.
3. **Carbon Dioxide Absorption**: Plants absorb carbon dioxide from the air through small openings on their leaves called stomata.
4. **Light-Dependent Reactions**: The absorbed light energy is used to convert water and carbon dioxide into a molecule called ATP (adenosine triphosphate), which is the energy currency of the cell.
5. **Light-Independent Reactions (Calvin Cycle)**: The ATP produced in the light-dependent reactions is used to convert carbon dioxide into glucose (a type of sugar) through a series of chemical reactions. This process is known as the Calvin cycle.
6. **Glucose Production**: The Calvin cycle produces glucose, which is then",3.0,3,2,4.173935174942017,meta-llama/Llama-3.2-1B-Instruct
